noise_level,condition,dr
0.00,N1,1.293226
0.00,N2,1.293226
0.00,N3,1.293226
0.00,N4,1.293226
0.00,N5,1.293226
0.10,N1,1.244842
0.10,N2,1.189898
0.10,N3,1.293534
0.10,N4,1.292637
0.10,N5,1.248765
0.20,N1,1.193765
0.20,N2,1.144336
0.20,N3,1.293858
0.20,N4,1.292162
0.20,N5,1.218978
0.40,N1,1.120922
0.40,N2,1.076859
0.40,N3,1.293601
0.40,N4,1.292003
0.40,N5,1.176970
0.60,N1,1.106932
0.60,N2,1.075784
0.60,N3,1.292770
0.60,N4,1.295517
0.60,N5,1.154925
