N,DR,advisor_time_s,cost,workload
30,1.090767,0.002340,0.457438,synthetic
60,1.172844,0.004495,0.418998,synthetic
120,1.237981,0.009299,0.392220,synthetic
250,1.296785,0.020530,0.376360,synthetic
500,1.339741,0.044837,0.384187,synthetic
1000,1.362140,0.095243,0.433760,synthetic
2000,1.391792,0.195578,0.539902,synthetic
4000,1.415695,0.414714,0.792152,synthetic
